"AEMILIANVS","Maurus","","grammaticus","","","1","1.1c","cf. praef. I p. vi",""
"AEMILIANVS","","","μουσικῆς ἐραστής","","","14","14.634c","",""
"AEMILIANVS","","","","","loquitur","3","3.83b","","range start"
"AEMILIANVS","","","","","loquitur","3","3.83c","","range end"
"AEMILIANVS","","","","","loquitur","3","3.126b","","range start"
"AEMILIANVS","","","","","loquitur","3","3.126f","","range end"
"AEMILIANVS","","","","","loquitur","3","3.127a","",""
"AEMILIANVS","","","","","loquitur","3","3.127b","","range start"
"AEMILIANVS","","","","","loquitur","3","3.127d","","range end"
"AEMILIANVS","","","","","loquitur","4","4.169a","?","range start"
"AEMILIANVS","","","","","loquitur","4","4.174a","?","range end"
"AEMILIANVS","","","","","loquitur","6","6.228e","","range start"
"AEMILIANVS","","","","","loquitur","6","6.231b","","range end"
"AEMILIANVS","","","","","loquitur","9","9.405d","",""
"AEMILIANVS","","","","","loquitur","9","9.406a","",""
"AEMILIANVS","","","","","loquitur","10","10.448b","",""
"AEMILIANVS","","","","","loquitur","14","14.634b","","range start"
"AEMILIANVS","","","","","loquitur","14","14.634e","","range end"
"AEMILIANVS","","","","","loquitur","14","14.662f","","range start"
"AEMILIANVS","","","","","loquitur","14","14.664f","","range end"
"ALCIDES","","Alexandrinus","musicus","","","1","1.1f","",""
"ALCIDES","","","","","loqui videtur","1","1.8d","cf. adn.",""
"ALCIDES","","","","","loqui videtur","1","1.33c","cf. adn.",""
"ALCIDES","","","","","loquitur","4","4.174b","","range start"
"ALCIDES","","","","","loquitur","4","4.185a","","range end"
"AMOEBEVS","","","ὁ καθ’ ἡμᾶς κιθαρῳδός, comparatur cum Amoebeo antiquo citharoedo","","","14","14.622c","","range start"
"AMOEBEVS","","","ὁ καθ’ ἡμᾶς κιθαρῳδός, comparatur cum Amoebeo antiquo citharoedo","","","14","14.622d","","range end"
"AMOEBEVS","","","","","loquitur","14","14.623c","",""
"AMOEBEVS","","","","","cantat","14","14.623d","",""
"ARRIANVS","","","grammaticus","","","3","3.113a","",""
"ARRIANVS","","","cognomine Βλεψίας","","","3","3.113e","",""
"ARRIANVS","","","appellatur ὁ Ῥωμαίων μεγαλοσοφιστής","","","3","3.113d","",""
"ARRIANVS","","","","","loquitur","3","3.113a","","range start"
"ARRIANVS","","","","","loquitur","3","3.113d","","range end"
"ATHENAEVS","","Naucratita","","","","3","3.73a","",""
"ATHENAEVS","","","ὁ τῆς βίβλου πατήρ","","","1","1.1a","",""
"ATHENAEVS","","","libri argumenta","","","1","1.1a","","range start"
"ATHENAEVS","","","libri argumenta","","","1","1.1f","","range end"
"ATHENAEVS","","","libri forma","","","1","1.2a","ipse Timocrati enarrat dipnosophistarum sermones, v. TIMOCRATES",""
"ATHENAEVS","","","eius liber de Syriae regibus","","","5","5.211a","","range start"
"ATHENAEVS","","","eius liber de Syriae regibus","","","5","5.211d","","range end"
"CYNVLCVS","","","nomen e Parmenisci symposio petitum videtur","","","4","4.156e","cf.",""
"CYNVLCVS","","","cynicus","","","1","1.1d","",""
"CYNVLCVS","","","verum nomen Theodorus","","","15","15.669e","",""
"CYNVLCVS","","","verum nomen Theodorus, quod ipse celare solet","","","4","4.160d","",""
"CYNVLCVS","","","patria incerta, nam quod dicit κατὰ τὸν ἐμὸν Μεγαλοπολίτην Κερκιδᾶν non Megalopolitanum se esse significat sed cynicum; cynicus enim Cercidas fuit, ut docent versuum reliquiae","","","8","8.347d","","range start"
"CYNVLCVS","","","patria incerta, nam quod dicit κατὰ τὸν ἐμὸν Μεγαλοπολίτην Κερκιδᾶν non Megalopolitanum se esse significat sed cynicum; cynicus enim Cercidas fuit, ut docent versuum reliquiae","","","8","8.347e","","range end"
"CYNVLCVS","","","Ulpiano ἀεὶ ἀντικορυσσόμενος","","","15","15.669b","",""
"CYNVLCVS","","","Ulpiano ἀεὶ ἀντικορυσσόμενος","","","15","15.701b","",""
"CYNVLCVS","","","κύον ἀδδεές appellatur ab Ulpiano","","","15","15.697e","",""
"CYNVLCVS","","","","","locutus erat (κυνολογήσασιν)","1","1.23a","",""
"CYNVLCVS","","","","","loquitur","2","2.49a","cf. adn.","range start"
"CYNVLCVS","","","","","loquitur","2","2.49b","cf. adn.","range end"
"CYNVLCVS","","","","","loqui videtur","3","3.94c","cf. adn.",""
"CYNVLCVS","","","","","loquitur","3","3.97c","","range start"
"CYNVLCVS","","","","","loquitur","3","3.99e","","range end"
"CYNVLCVS","","","","","loquitur","3","3.106e","",""
"CYNVLCVS","","","","","loquitur","3","3.108f","","range start"
"CYNVLCVS","","","","","loquitur","3","3.109b","","range end"
"CYNVLCVS","","","","","loquitur","3","3.113d","","range start"
"CYNVLCVS","","","","","loquitur","3","3.113e","","range end"
"CYNVLCVS","","","","","loquitur","3","3.121e","",""
"CYNVLCVS","","","","","loquitur","3","3.121f","","range start"
"CYNVLCVS","","","","","loquitur","3","3.122e","","range end"
"CYNVLCVS","","","","","loquitur","3","3.122f","","range start"
"CYNVLCVS","","","","","loquitur","3","3.123e","","range end"
"CYNVLCVS","","","","","loquitur","3","3.126a","",""
"CYNVLCVS","","","","","loquitur","4","4.156a","","range start"
"CYNVLCVS","","","","","loquitur","4","4.156c","","range end"
"CYNVLCVS","","","","","loquitur","4","4.156c","","range start"
"CYNVLCVS","","","","","loquitur","4","4.158d","","range end"
"CYNVLCVS","","","","","loquitur","4","4.158d","","range start"
"CYNVLCVS","","","","","loquitur","4","4.159d","","range end"
"CYNVLCVS","","","","","loquitur","4","4.159e","","range start"
"CYNVLCVS","","","","","loquitur","4","4.160a","","range end"
"CYNVLCVS","","","","","loquitur","4","4.164d","","range start"
"CYNVLCVS","","","","","loquitur","4","4.165b","","range end"
"CYNVLCVS","","","","","loquitur","4","4.165b","","range start"
"CYNVLCVS","","","","","loquitur","4","4.165d","","range end"
"CYNVLCVS","","","","","loquitur","6","6.270a","","range start"
"CYNVLCVS","","","","","loquitur","6","6.270c","","range end"
"CYNVLCVS","","","","","loquitur","6","6.270d","","range start"
"CYNVLCVS","","","","","loquitur","6","6.271a","","range end"
"CYNVLCVS","","","","","loquitur","7","7.275b","","range start"
"CYNVLCVS","","","","","loquitur","7","7.276a","","range end"
"CYNVLCVS","","","","","loquitur","7","7.298e","",""
"CYNVLCVS","","","","","locuturum occupat Democritus","8","8.331c","",""
"CYNVLCVS","","","","","loquitur","8","8.347d","","range start"
"CYNVLCVS","","","","","loquitur","8","8.354d","","range end"
"CYNVLCVS","","","","","loquitur","8","8.354d","","range start"
"CYNVLCVS","","","","","loquitur","8","8.354f","","range end"
"CYNVLCVS","","","","","loquitur","9","9.385b","","range start"
"CYNVLCVS","","","","","loquitur","9","9.385c","","range end"
"CYNVLCVS","","","","","loquitur","13","13.566e","","range start"
"CYNVLCVS","","","","","loquitur","13","13.571a","","range end"
"CYNVLCVS","","","","","loquitur","13","13.610b","","range start"
"CYNVLCVS","","","","","loquitur","13","13.610d","","range end"
"CYNVLCVS","","","","","loquitur","15","15.669b","","range start"
"CYNVLCVS","","","","","loquitur","15","15.669d","","range end"
"CYNVLCVS","","","","","loquitur","15","15.671c","",""
"CYNVLCVS","","","","","loquitur","15","15.671d","","range start"
"CYNVLCVS","","","","","loquitur","15","15.671f","","range end"
"CYNVLCVS","","","","","tacet ignorans","15","15.679b","",""
"CYNVLCVS","","","","","tacet ebrius","15","15.685f","",""
"CYNVLCVS","","","","","tacet ebrius","15","15.686a","",""
"CYNVLCVS","","","","","somnolentus excitatus loquitur","15","15.686d","","range start"
"CYNVLCVS","","","","","somnolentus excitatus loquitur","15","15.687c","","range end"
"CYNVLCVS","","","","","somnolentus excitatus loquitur","15","15.697b","","range start"
"CYNVLCVS","","","","","somnolentus excitatus loquitur","15","15.697e","","range end"
"CYNVLCVS","","","","","somnolentus excitatus loquitur","15","15.697f","","range start"
"CYNVLCVS","","","","","somnolentus excitatus loquitur","15","15.698a","","range end"
"CYNVLCVS","","","","","somnolentus excitatus loquitur","15","15.698a","","range start"
"CYNVLCVS","","","","","somnolentus excitatus loquitur","15","15.699c","","range end"
"CYNVLCVS","","","","","somnolentus excitatus loquitur","15","15.701b","",""
"DAPHNVS","","Ephesius","medicus","","","1","1.1e","cf. praef. I p. vi",""
"DAPHNVS","","","","","loquitur","2","2.51a","fort. ad III.81c","range start"
"DAPHNVS","","","","","loquitur","2","2.51b","fort. ad III.81c","range end"
"DAPHNVS","","","","","loquitur","3","3.79a","fort. ad III.81c","range start"
"DAPHNVS","","","","","loquitur","3","3.80e","fort. ad III.81c","range end"
"DAPHNVS","","","","","loquitur","3","3.116f","cf. adn. c. 88 in.","range start"
"DAPHNVS","","","","","loquitur","3","3.118d","cf. adn. c. 88 in.","range end"
"DAPHNVS","","","","","loquitur","3","3.120b","","range start"
"DAPHNVS","","","","","loquitur","3","3.121e","","range end"
"DAPHNVS","","","","","loquitur","7","7.276d","","range start"
"DAPHNVS","","","","","loquitur","7","7.276e","","range end"
"DAPHNVS","","","","","loquitur","8","8.355a","","range start"
"DAPHNVS","","","","","loquitur","8","8.359d","","range end"
"DEMOCRITVS","","Nicomedensis","philosophus","","","1","1.1d","",""
"DEMOCRITVS","","","μουσικώτατον appellat Cynulcus","","","15","15.669d","",""
"DEMOCRITVS","","","","","loquitur","3","3.83c","","range start"
"DEMOCRITVS","","","","","loquitur","3","3.85b","","range end"
"DEMOCRITVS","","","","","loquitur","6","6.248c","","range start"
"DEMOCRITVS","","","","","loquitur","6","6.262a","","range end"
"DEMOCRITVS","","","","","loquitur","6","6.262b","","range start"
"DEMOCRITVS","","","","","loquitur","6","6.270a","","range end"
"DEMOCRITVS","","","","","loquitur","8","8.331c","cf. VIII.346c","range start"
"DEMOCRITVS","","","","","loquitur","8","8.347c","cf. VIII.346c","range end"
"DEMOCRITVS","","","","","loquitur","9","9.401d","","range start"
"DEMOCRITVS","","","","","loquitur","9","9.402c","","range end"
"DEMOCRITVS","","","","","loquitur","9","9.406d","",""
"DEMOCRITVS","","","","","loquitur","9","9.406e","","range start"
"DEMOCRITVS","","","","","loquitur","9","9.407c","","range end"
"DEMOCRITVS","","","","","loquitur","9","9.407d","","range start"
"DEMOCRITVS","","","","","loquitur","9","9.408b","","range end"
"DEMOCRITVS","","","","","loquitur","10","10.426c","","range start"
"DEMOCRITVS","","","","","loquitur","10","10.429f","","range end"
"DEMOCRITVS","","","","","loquitur","10","10.429f","","range start"
"DEMOCRITVS","","","","","loquitur","10","10.443c","","range end"
"DEMOCRITVS","","","","","loquitur","14","14.648e","","range start"
"DEMOCRITVS","","","","","loquitur","14","14.649a","","range end"
"DEMOCRITVS","","","","","loquitur","14","14.649b","","range start"
"DEMOCRITVS","","","","","loquitur","14","14.649c","","range end"
"DEMOCRITVS","","","","","tacet ignorans","14","14.649c","",""
"DEMOCRITVS","","","","","loquitur","14","14.669d","","range start"
"DEMOCRITVS","","","","","loquitur","14","14.671b","","range end"
"DEMOCRITVS","","","","","loquitur","14","14.671f","","range start"
"DEMOCRITVS","","","","","loquitur","14","14.676e","","range end"
"DEMOCRITVS","","","","","loquitur","14","14.696a","","range start"
"DEMOCRITVS","","","","","loquitur","14","14.697b","","range end"
"DEMOCRITVS","","","","","loquitur","14","14.701c","","range start"
"DEMOCRITVS","","","","","loquitur","14","14.701f","","range end"
"DIONYSOCLES","","","medicus","","loquitur","3","3.96d","cf. adn. c. 88 in.",""
"DIONYSOCLES","","","medicus","","loquitur","3","3.116d","cf. adn. c. 88 in.","range start"
"DIONYSOCLES","","","medicus","","loquitur","3","3.116f","cf. adn. c. 88 in.","range end"
"GALENVS","","Pergamenus","medicus","","","1","1.1e","cf. praef. I p. vi",""
"GALENVS","","","","","loquitur","1","1.26c","sqq.",""
"GALENVS","","","","","loquitur","3","3.115c","","range start"
"GALENVS","","","","","loquitur","3","3.116a","","range end"
"LARENSIS","","","procurator prov. Moesiae","graece Λαρήνσιος s. Λαρίνσιος [P. Livius Larensis pontif(ex) minor CIL VI.2126, Livius Larensis procurator patrimonii vit. Commodi 20, cf. HDessau Hermae XXV fasc 1]","","9","9.398e","",""
"LARENSIS","","","καθεσταμένος ἐπὶ τῶν ἱερῶν εἷναι καὶ θυσιῶν ὑπὸ τοῦ πάντα ἀρίστου βασιλέως Μάρκου καὶ μὴ ἔλαττον τῶν πατρίων τὰ τῶν Ἑλλήνων μεταχειρίζεσθαι","graece Λαρήνσιος s. Λαρίνσιος [P. Livius Larensis pontif(ex) minor CIL VI.2126, Livius Larensis procurator patrimonii vit. Commodi 20, cf. HDessau Hermae XXV fasc 1]","","1","1.2c","",""
"LARENSIS","","","eius προπάτωρ dicitur (propter studiorum μεταχειρίζεσθαι cf. Dessau 1. s) Varro Monippeus","graece Λαρήνσιος s. Λαρίνσιος [P. Livius Larensis pontif(ex) minor CIL VI.2126, Livius Larensis procurator patrimonii vit. Commodi 20, cf. HDessau Hermae XXV fasc 1]","","4","4.160c","",""
"LARENSIS","","","significatur obscurius ὁ † Νιττούνιος ἡμῶν","graece Λαρήνσιος s. Λαρίνσιος [P. Livius Larensis pontif(ex) minor CIL VI.2126, Livius Larensis procurator patrimonii vit. Commodi 20, cf. HDessau Hermae XXV fasc 1]","","6","6.224c","",""
"LARENSIS","","","ὁ λαμπρὸς s. καλὸς ἡμῶν ἑστιάτωρ","graece Λαρήνσιος s. Λαρίνσιος [P. Livius Larensis pontif(ex) minor CIL VI.2126, Livius Larensis procurator patrimonii vit. Commodi 20, cf. HDessau Hermae XXV fasc 1]","","13","13.555b","",""
"LARENSIS","","","ὁ λαμπρὸς s. καλὸς ἡμῶν ἑστιάτωρ","graece Λαρήνσιος s. Λαρίνσιος [P. Livius Larensis pontif(ex) minor CIL VI.2126, Livius Larensis procurator patrimonii vit. Commodi 20, cf. HDessau Hermae XXV fasc 1]","","14","14.613d","et saepius",""
"LARENSIS","","","eius mores ingenium doctrina","graece Λαρήνσιος s. Λαρίνσιος [P. Livius Larensis pontif(ex) minor CIL VI.2126, Livius Larensis procurator patrimonii vit. Commodi 20, cf. HDessau Hermae XXV fasc 1]","","1","1.2b","","range start"
"LARENSIS","","","eius mores ingenium doctrina","graece Λαρήνσιος s. Λαρίνσιος [P. Livius Larensis pontif(ex) minor CIL VI.2126, Livius Larensis procurator patrimonii vit. Commodi 20, cf. HDessau Hermae XXV fasc 1]","","1","1.3f","","range end"
"LARENSIS","","","eius bibliotheca","graece Λαρήνσιος s. Λαρίνσιος [P. Livius Larensis pontif(ex) minor CIL VI.2126, Livius Larensis procurator patrimonii vit. Commodi 20, cf. HDessau Hermae XXV fasc 1]","","1","1.3a","","range start"
"LARENSIS","","","eius bibliotheca","graece Λαρήνσιος s. Λαρίνσιος [P. Livius Larensis pontif(ex) minor CIL VI.2126, Livius Larensis procurator patrimonii vit. Commodi 20, cf. HDessau Hermae XXV fasc 1]","","1","1.3b","","range end"
"LARENSIS","","","utriusque linguae peritus indeque Ἀστεροπαῖος vocatus","graece Λαρήνσιος s. Λαρίνσιος [P. Livius Larensis pontif(ex) minor CIL VI.2126, Livius Larensis procurator patrimonii vit. Commodi 20, cf. HDessau Hermae XXV fasc 1]","","1","1.2c","",""
"LARENSIS","","","Homeri carminum diligentissimus","graece Λαρήνσιος s. Λαρίνσιος [P. Livius Larensis pontif(ex) minor CIL VI.2126, Livius Larensis procurator patrimonii vit. Commodi 20, cf. HDessau Hermae XXV fasc 1]","","14","14.620b","",""
"LARENSIS","","","","graece Λαρήνσιος s. Λαρίνσιος [P. Livius Larensis pontif(ex) minor CIL VI.2126, Livius Larensis procurator patrimonii vit. Commodi 20, cf. HDessau Hermae XXV fasc 1]","loquitur","2","2.50f","",""
"LARENSIS","","","","graece Λαρήνσιος s. Λαρίνσιος [P. Livius Larensis pontif(ex) minor CIL VI.2126, Livius Larensis procurator patrimonii vit. Commodi 20, cf. HDessau Hermae XXV fasc 1]","loquitur","2","2.51a","",""
"LARENSIS","","","","graece Λαρήνσιος s. Λαρίνσιος [P. Livius Larensis pontif(ex) minor CIL VI.2126, Livius Larensis procurator patrimonii vit. Commodi 20, cf. HDessau Hermae XXV fasc 1]","loquitur","4","4.160b","","range start"
"LARENSIS","","","","graece Λαρήνσιος s. Λαρίνσιος [P. Livius Larensis pontif(ex) minor CIL VI.2126, Livius Larensis procurator patrimonii vit. Commodi 20, cf. HDessau Hermae XXV fasc 1]","loquitur","4","4.160d","","range end"
"LARENSIS","","","","graece Λαρήνσιος s. Λαρίνσιος [P. Livius Larensis pontif(ex) minor CIL VI.2126, Livius Larensis procurator patrimonii vit. Commodi 20, cf. HDessau Hermae XXV fasc 1]","loquitur","5","5.221f","","range start"
"LARENSIS","","","","graece Λαρήνσιος s. Λαρίνσιος [P. Livius Larensis pontif(ex) minor CIL VI.2126, Livius Larensis procurator patrimonii vit. Commodi 20, cf. HDessau Hermae XXV fasc 1]","loquitur","5","5.222b","","range end"
"LARENSIS","","","","graece Λαρήνσιος s. Λαρίνσιος [P. Livius Larensis pontif(ex) minor CIL VI.2126, Livius Larensis procurator patrimonii vit. Commodi 20, cf. HDessau Hermae XXV fasc 1]","loquitur","6","6.272d","","range start"
"LARENSIS","","","","graece Λαρήνσιος s. Λαρίνσιος [P. Livius Larensis pontif(ex) minor CIL VI.2126, Livius Larensis procurator patrimonii vit. Commodi 20, cf. HDessau Hermae XXV fasc 1]","loquitur","6","6.275b","","range end"
"LARENSIS","","","","graece Λαρήνσιος s. Λαρίνσιος [P. Livius Larensis pontif(ex) minor CIL VI.2126, Livius Larensis procurator patrimonii vit. Commodi 20, cf. HDessau Hermae XXV fasc 1]","loquitur","9","9.372d","",""
"LARENSIS","","","","graece Λαρήνσιος s. Λαρίνσιος [P. Livius Larensis pontif(ex) minor CIL VI.2126, Livius Larensis procurator patrimonii vit. Commodi 20, cf. HDessau Hermae XXV fasc 1]","loquitur","9","9.381f","","range start"
"LARENSIS","","","","graece Λαρήνσιος s. Λαρίνσιος [P. Livius Larensis pontif(ex) minor CIL VI.2126, Livius Larensis procurator patrimonii vit. Commodi 20, cf. HDessau Hermae XXV fasc 1]","loquitur","9","9.382a","","range end"
"LARENSIS","","","","graece Λαρήνσιος s. Λαρίνσιος [P. Livius Larensis pontif(ex) minor CIL VI.2126, Livius Larensis procurator patrimonii vit. Commodi 20, cf. HDessau Hermae XXV fasc 1]","loquitur","9","9.398b","","range start"
"LARENSIS","","","","graece Λαρήνσιος s. Λαρίνσιος [P. Livius Larensis pontif(ex) minor CIL VI.2126, Livius Larensis procurator patrimonii vit. Commodi 20, cf. HDessau Hermae XXV fasc 1]","loquitur","9","9.399a","","range end"
"LARENSIS","","","","graece Λαρήνσιος s. Λαρίνσιος [P. Livius Larensis pontif(ex) minor CIL VI.2126, Livius Larensis procurator patrimonii vit. Commodi 20, cf. HDessau Hermae XXV fasc 1]","loquitur","10","10.448c","","range start"
"LARENSIS","","","","graece Λαρήνσιος s. Λαρίνσιος [P. Livius Larensis pontif(ex) minor CIL VI.2126, Livius Larensis procurator patrimonii vit. Commodi 20, cf. HDessau Hermae XXV fasc 1]","loquitur","10","10.459b","","range end"
"LARENSIS","","","","graece Λαρήνσιος s. Λαρίνσιος [P. Livius Larensis pontif(ex) minor CIL VI.2126, Livius Larensis procurator patrimonii vit. Commodi 20, cf. HDessau Hermae XXV fasc 1]","loquitur","13","13.555b","","range start"
"LARENSIS","","","","graece Λαρήνσιος s. Λαρίνσιος [P. Livius Larensis pontif(ex) minor CIL VI.2126, Livius Larensis procurator patrimonii vit. Commodi 20, cf. HDessau Hermae XXV fasc 1]","loquitur","13","13.558e","","range end"
"LARENSIS","","","","graece Λαρήνσιος s. Λαρίνσιος [P. Livius Larensis pontif(ex) minor CIL VI.2126, Livius Larensis procurator patrimonii vit. Commodi 20, cf. HDessau Hermae XXV fasc 1]","loquitur","14","14.648d","","range start"
"LARENSIS","","","","graece Λαρήνσιος s. Λαρίνσιος [P. Livius Larensis pontif(ex) minor CIL VI.2126, Livius Larensis procurator patrimonii vit. Commodi 20, cf. HDessau Hermae XXV fasc 1]","loquitur","14","14.648e","","range end"
"LARENSIS","","","libatione facta et paeane recitato dimittit convivas","graece Λαρήνσιος s. Λαρίνσιος [P. Livius Larensis pontif(ex) minor CIL VI.2126, Livius Larensis procurator patrimonii vit. Commodi 20, cf. HDessau Hermae XXV fasc 1]","","15","15.701f","","range start"
"LARENSIS","","","libatione facta et paeane recitato dimittit convivas","graece Λαρήνσιος s. Λαρίνσιος [P. Livius Larensis pontif(ex) minor CIL VI.2126, Livius Larensis procurator patrimonii vit. Commodi 20, cf. HDessau Hermae XXV fasc 1]","","15","15.702b","","range end"
"LEONIDAS","","Eleus","grammaticus","","","1","1.1c","",""
"LEONIDAS","","","","","loquitur","3","3.96d","",""
"LEONIDAS","","","","","loquitur","3","3.116a","","range start"
"LEONIDAS","","","","","loquitur","3","3.116d","","range end"
"LEONIDAS","","","","","loquitur","9","9.367d","","range start"
"LEONIDAS","","","","","loquitur","9","9.368f","","range end"
"LEONIDAS","","","","","loquitur","11","11.504b","",""
"LEONIDAS","","","","","loquitur","13","13.558e","","range start"
"LEONIDAS","","","","","loquitur","13","13.560f","","range end"
"MAGNVS","","","fortasse Romanus genere","","","3","3.75e","cf.",""
"MAGNVS","","","","","loquitur","3","3.74c","","range start"
"MAGNVS","","","","","loquitur","3","3.78f","","range end"
"MAGNVS","","","","","loquitur","3","3.113e","","range start"
"MAGNVS","","","","","loquitur","3","3.115b","","range end"
"MAGNVS","","","","","loquitur","4","4.160d","","range start"
"MAGNVS","","","","","loquitur","4","4.164d","","range end"
"MAGNVS","","","","","loquitur","9","9.380d","","range start"
"MAGNVS","","","","","loquitur","9","9.380e","","range end"
"MAGNVS","","","","","loquitur","13","13.571a","Myrtilum a Cynulco defensurus non Magnus est, sed Ulpianus, cf. praef. vol. III",""
"MAGNVS","","","","","loquitur","14","14.615e","","range start"
"MAGNVS","","","","","loquitur","14","14.616b","","range end"
"MASVRIVS","s. Μανσούριος, Μασσούριος","","iure consultus, iamborum poeta, musicus","","","1","1.1c","cf. praef. I p. vi, xxix sq.",""
"MASVRIVS","s. Μανσούριος, Μασσούριος","","iure consultus, iamborum poeta, musicus","","","14","14.623e","cf. praef. I p. vi, xxix sq.",""
"MASVRIVS","s. Μανσούριος, Μασσούριος","","","","loquitur","5","5.185a","","range start"
"MASVRIVS","s. Μανσούριος, Μασσούριος","","","","loquitur","5","5.196a","","range end"
"MASVRIVS","s. Μανσούριος, Μασσούριος","","","","loquitur","5","5.196a","","range start"
"MASVRIVS","s. Μανσούριος, Μασσούριος","","","","loquitur","5","5.221a","","range end"
"MASVRIVS","s. Μανσούριος, Μασσούριος","","","","loquitur","6","6.271b","","range start"
"MASVRIVS","s. Μανσούριος, Μασσούριος","","","","loquitur","6","6.272d","","range end"
"MASVRIVS","s. Μανσούριος, Μασσούριος","","","","loquitur","14","14.623e","","range start"
"MASVRIVS","s. Μανσούριος, Μασσούριος","","","","loquitur","14","14.633f","","range end"
"MASVRIVS","s. Μανσούριος, Μασσούριος","","","","et statim pergit","14","14.634b","",""
"MASVRIVS","s. Μανσούριος, Μασσούριος","","","","et statim pergit","14","14.634e","","range start"
"MASVRIVS","s. Μανσούριος, Μασσούριος","","","","et statim pergit","14","14.639a","","range end"
"MASVRIVS","s. Μανσούριος, Μασσούριος","","","","et statim pergit","14","14.653d","","range start"
"MASVRIVS","s. Μανσούριος, Μασσούριος","","","","et statim pergit","14","14.654a","","range end"
"MASVRIVS","s. Μανσούριος, Μασσούριος","","","","et statim pergit","15","15.687d","","range start"
"MASVRIVS","s. Μανσούριος, Μασσούριος","","","","et statim pergit","15","15.692f","","range end"
"MYRTILVS","","Thessalus","","Θετταλὸν σόφισμα","","1","1.11b","",""
"MYRTILVS","","Thessalus","","Θετταλὸν πάλαισμα","","7","7.308b","",""
"MYRTILVS","","Thessalus","","Θετταλὲ ποικιλόδιφρε","","13","13.568d","",""
"MYRTILVS","","Thessalus","","Θετταλὲ ποικιλόμυθε","","15","15.677a","",""
"MYRTILVS","","","grammaticus","γραμματικώτατε appellatur","","13","13.570b","",""
"MYRTILVS","","","pater eius κρηπιδοποιός","","","13","13.568e","",""
"MYRTILVS","","","iter fecerat ἐκ Συννάδων εἰς Μητρόπολιν ἀφικνούμενος","","","13","13.574f","",""
"MYRTILVS","","","apud Corinthios publice declamarat","","","13","13.567c","",""
"MYRTILVS","","","apud Corinthios publice declamarat","","","13","13.573c","",""
"MYRTILVS","","","senex est","","","13","13.608f","",""
"MYRTILVS","","","Ulpiano inimicus","","","13","13.571a","ubi τοὐλπιανοῦ legendum pro τοῦ Μάγνου",""
"MYRTILVS","","","","","loquitur","3","3.83a","",""
"MYRTILVS","","","","","loquitur","3","3.106f","","range start"
"MYRTILVS","","","","","loquitur","3","3.108c","","range end"
"MYRTILVS","","","","","loquitur","3","3.119b","","range start"
"MYRTILVS","","","","","loquitur","3","3.120b","","range end"
"MYRTILVS","","","","","loquitur","3","3.125a","",""
"MYRTILVS","","","","","loquitur","3","3.125b","","range start"
"MYRTILVS","","","","","loquitur","3","3.125d","","range end"
"MYRTILVS","","","","","loquitur","3","3.125d","","range start"
"MYRTILVS","","","","","loquitur","3","3.125f","","range end"
"MYRTILVS","","","","","loquitur","7","7.276e","","range start"
"MYRTILVS","","","","","loquitur","7","7.277a","","range end"
"MYRTILVS","","","","","loquitur","7","7.308a","",""
"MYRTILVS","","","","","loquitur","7","7.308b","fortasse etiam ultra","range start"
"MYRTILVS","","","","","loquitur","7","7.308d","fortasse etiam ultra","range end"
"MYRTILVS","","","","","loquitur","8","8.362a","","range start"
"MYRTILVS","","","","","loquitur","8","8.365d","","range end"
"MYRTILVS","","","","","loquitur","9","9.373a","?","range start"
"MYRTILVS","","","","","loquitur","9","9.374d","?","range end"
"MYRTILVS","","","","","loquitur","9","9.384d","","range start"
"MYRTILVS","","","","","loquitur","9","9.384f","","range end"
"MYRTILVS","","","","","loquitur","9","9.385a","","range start"
"MYRTILVS","","","","","loquitur","9","9.385b","","range end"
"MYRTILVS","","","","","loquitur","9","9.385c","","range start"
"MYRTILVS","","","","","loquitur","9","9.386d","","range end"
"MYRTILVS","","","","","loquitur","9","9.386e","","range start"
"MYRTILVS","","","","","loquitur","9","9.387f","","range end"
"MYRTILVS","","","","","loquitur","9","9.397a","",""
"MYRTILVS","","","","","loquitur","13","13.563d","cf. quae respondet Cynulcus XIII.566e-f","range start"
"MYRTILVS","","","","","loquitur","13","13.566e","cf. quae respondet Cynulcus XIII.566e-f","range end"
"MYRTILVS","","","","","loquitur","13","13.571a","","range start"
"MYRTILVS","","","","","loquitur","13","13.587f","","range end"
"MYRTILVS","","","","","et statim pergit","13","13.590a","",""
"MYRTILVS","","","","","et statim pergit","13","13.590a","","range start"
"MYRTILVS","","","","","et statim pergit","13","13.596f","","range end"
"MYRTILVS","","","","","pergit rursus","13","13.610b","",""
"MYRTILVS","","","","","colloquitur cum Cynulco","13","13.610d","cf. adn.",""
"MYRTILVS","","","","","et pergit loqui","13","13.612f","",""
"MYRTILVS","","","","","loquitur","14","14.616b","cf. adn. ad XIV.616b","range start"
"MYRTILVS","","","","","loquitur","14","14.616e","cf. adn. ad XIV.616b","range end"
"MYRTILVS","","","","","loquitur","15","15.676e","","range start"
"MYRTILVS","","","","","loquitur","15","15.676f","","range end"
"MYRTILVS","","","","","loquitur","15","15.694e","","range start"
"MYRTILVS","","","","","loquitur","15","15.694f","","range end"
"PALAMEDES","","ὁ Ἐλεατικὸς","ὁ ὀνοματολόγος","","loquitur","9","9.397a","",""
"PHILADELPHVS","","Ptolemaeensis","philosophus","","","1","1.1d","cf. praef. I p. vi",""
"PLVTARCHVS","","Alexandrinus","","","","3","3.118f","",""
"PLVTARCHVS","","Alexandrinus","","","","7","7.276a","",""
"PLVTARCHVS","","","grammaticus","","","1","1.1c","cf. praef. I p. vi",""
"PLVTARCHVS","","","","","loquitur","3","3.83a","","range start"
"PLVTARCHVS","","","","","loquitur","3","3.83b","","range end"
"PLVTARCHVS","","","","","loquitur","3","3.119a","","range start"
"PLVTARCHVS","","","","","loquitur","3","3.119b","","range end"
"PLVTARCHVS","","","","","loquitur","4","4.134d","?","range start"
"PLVTARCHVS","","","","","loquitur","4","4.156a","?","range end"
"PLVTARCHVS","","","","","ridet Cynulcum","4","4.158d","",""
"PLVTARCHVS","","","","","loquitur","6","6.234c","","range start"
"PLVTARCHVS","","","","","loquitur","6","6.248c","","range end"
"PLVTARCHVS","","","","","loquitur","7","7.276a","","range start"
"PLVTARCHVS","","","","","loquitur","7","7.276c","","range end"
"PLVTARCHVS","","","","","loquitur","8","8.359d","","range start"
"PLVTARCHVS","","","","","loquitur","8","8.361e","","range end"
"PLVTARCHVS","","","","","loquitur","9","9.384a","","range start"
"PLVTARCHVS","","","","","loquitur","9","9.384c","","range end"
"PLVTARCHVS","","","","","promiserat de vasis potoriis disputationem","11","11.460a","cf. adn.",""
"PLVTARCHVS","","","","","promissis stat","11","11.461e","magnas fortasse in libro XII partes habuit, cf. praef. I p. xxv","range start"
"PLVTARCHVS","","","","","promissis stat","11","11.503f","magnas fortasse in libro XII partes habuit, cf. praef. I p. xxv","range end"
"PLVTARCHVS","","","","","promissis stat","11","11.504a","magnas fortasse in libro XII partes habuit, cf. praef. I p. xxv","range start"
"PLVTARCHVS","","","","","promissis stat","11","11.504b","magnas fortasse in libro XII partes habuit, cf. praef. I p. xxv","range end"
"PLVTARCHVS","","","","","loquitur","13","13.562a","cf. adn.","range start"
"PLVTARCHVS","","","","","loquitur","13","13.563c","cf. adn.","range end"
"PONTIANVS","","Nicomedensis","philosophus","","","1","1.1d","cf. praef. I p. vi",""
"PONTIANVS","","","","","loquitur","3","3.109b","","range start"
"PONTIANVS","","","","","loquitur","3","3.112f","","range end"
"PONTIANVS","","","","","loquitur","3","3.123e","","range start"
"PONTIANVS","","","","","loquitur","3","3.125a","","range end"
"PONTIANVS","","","","","loquitur","6","6.231b","","range start"
"PONTIANVS","","","","","loquitur","6","6.234c","","range end"
"PONTIANVS","","","","","loquitur","10","10.443c","","range start"
"PONTIANVS","","","","","loquitur","10","10.445b","","range end"
"PONTIANVS","","","","","loquitur","10","10.445c","","range start"
"PONTIANVS","","","","","loquitur","10","10.445f","","range end"
"PONTIANVS","","","","","loquitur","11","11.505c","","range start"
"PONTIANVS","","","","","loquitur","11","11.509e","","range end"
"PONTIANVS","","","","","loquitur","13","13.561c","","range start"
"PONTIANVS","","","","","loquitur","13","13.562a","","range end"
"PONTIANVS","","","","","locuturum occupat Ulpianus","14","14.640c","",""
"PONTIANVS","","","","","loquitur","14","14.640c","","range start"
"PONTIANVS","","","","","loquitur","14","14.643e","","range end"
"PONTIANVS","","","","","loquitur","14","14.648c","fortasse",""
"PONTIANVS","","","","","loquitur","15","15.701b","","range start"
"PONTIANVS","","","","","loquitur","15","15.701c","","range end"
"RVFINVS","","Nicaeensis","medicus","","","1","1.1f","cf. praef. I. p. vi",""
"TIMOCRATI","","","","","Athenaeus amicus sermones dipnosophistarum enarrat","1","1.1a","ubi Ἐχεκράrην codd. e Platonis Phaedone p. 57a",""
"TIMOCRATI","","","","","Athenaeus amicus sermones dipnosophistarum enarrat","1","1.2a","",""
"TIMOCRATI","","","","","Timocratis ad Athenaeum verba videntur (οὐκ εἴων με οἱ λόγοι οὓς ἀπεμνημόνευσας ὄντες ποικίλοι ὕπνῳ διδόναι σχολήν)","2","2.35a","",""
"TIMOCRATI","","","","","colloquitur cum Athenaeo","3","3.127e","",""
"TIMOCRATI","","","","","alloquitur eum Athenaeus","2","2.71e","",""
"TIMOCRATI","","","","","alloquitur eum Athenaeus","4","4.128a","",""
"TIMOCRATI","","","","","alloquitur eum Athenaeus","4","4.130e","",""
"TIMOCRATI","","","","","alloquitur eum Athenaeus","4","4.185a","",""
"TIMOCRATI","","","","","alloquitur eum Athenaeus","5","5.185a","",""
"TIMOCRATI","","","","","alloquitur eum Athenaeus","6","6.222a","",""
"TIMOCRATI","","","","","alloquitur eum Athenaeus","6","6.223d","",""
"TIMOCRATI","","","","","alloquitur eum Athenaeus","7","7.277a","",""
"TIMOCRATI","","","","","alloquitur eum Athenaeus","7","7.330b","","range start"
"TIMOCRATI","","","","","alloquitur eum Athenaeus","7","7.330c","","range end"
"TIMOCRATI","","","","","alloquitur eum Athenaeus","8","8.330c","",""
"TIMOCRATI","","","","","alloquitur eum Athenaeus","8","8.365e","",""
"TIMOCRATI","","","","","alloquitur eum Athenaeus","10","10.411a","",""
"TIMOCRATI","","","","","alloquitur eum Athenaeus","11","11.509e","",""
"TIMOCRATI","","","","","alloquitur eum Athenaeus","12","12.510a","cf. adn.","range start"
"TIMOCRATI","","","","","alloquitur eum Athenaeus","12","12.510b","cf. adn.","range end"
"TIMOCRATI","","","","","alloquitur eum Athenaeus","13","13.555a","","range start"
"TIMOCRATI","","","","","alloquitur eum Athenaeus","13","13.555b","","range end"
"TIMOCRATI","","","","","alloquitur eum Athenaeus","14","14.613a","sqq.",""
"TIMOCRATI","","","","","alloquitur eum Athenaeus","15","15.665a","","range start"
"TIMOCRATI","","","","","alloquitur eum Athenaeus","15","15.665d","","range end"
"TIMOCRATI","","","","","alloquitur eum Athenaeus","15","15.702b","","range start"
"TIMOCRATI","","","","","alloquitur eum Athenaeus","15","15.702c","","range end"
"VLPIANVS","","Tyrius","","","","1","1.1d","cf. praef. I p. v-vii",""
"VLPIANVS","","ὁ Σύρος","","","","8","8.346c","et saepius",""
"VLPIANVS","","Συραττικός","","","","3","3.126f","",""
"VLPIANVS","","","Φοῖνιξ ἀττα γεραιέ appellatur","","","13","13.590b","",""
"VLPIANVS","","","cognomine Κειτούκειτος","","","1","1.1e","",""
"VLPIANVS","","","eius mores et ingenium","","","1","1.1d","","range start"
"VLPIANVS","","","eius mores et ingenium","","","1","1.1e","","range end"
"VLPIANVS","","","λογιστής","","","14","14.649a","et saepius",""
"VLPIANVS","","","ὁ φιλεπιτιμητής","","","14","14.613c","",""
"VLPIANVS","","","helluo et lascivus saepius notatur velut","","","15","15.697b","",""
"VLPIANVS","","","ὁ τῶν δείπνων ταμίας","","","2","2.58b","",""
"VLPIANVS","","","placidam mortem obiit","","","15","15.686c","",""
"VLPIANVS","","","","","loquitur","2","2.49a","",""
"VLPIANVS","","","","","loquitur","2","2.58b","","range start"
"VLPIANVS","","","","","loquitur","2","2.58c","","range end"
"VLPIANVS","","","","","locutus erat","2","2.65e","adn.",""
"VLPIANVS","","","","","locutus erat","2","2.66e","adn.",""
"VLPIANVS","","","","","loquitur","3","3.96f","","range start"
"VLPIANVS","","","","","loquitur","3","3.97c","","range end"
"VLPIANVS","","","","","loquitur","3","3.99e","","range start"
"VLPIANVS","","","","","loquitur","3","3.104c","","range end"
"VLPIANVS","","","","","loquitur","3","3.106f","",""
"VLPIANVS","","","","","loquitur","3","3.108d","","range start"
"VLPIANVS","","","","","loquitur","3","3.108f","","range end"
"VLPIANVS","","","","","loquitur","3","3.115b","",""
"VLPIANVS","","","","","loquitur","3","3.118f","",""
"VLPIANVS","","","","","loquitur","3","3.121f","",""
"VLPIANVS","","","","","loquitur","3","3.122e","",""
"VLPIANVS","","","","","loquitur","3","3.125a","","range start"
"VLPIANVS","","","","","loquitur","3","3.125b","","range end"
"VLPIANVS","","","","","loquitur","3","3.125d","",""
"VLPIANVS","","","","","loquitur","3","3.126a","",""
"VLPIANVS","","","","","loquitur","3","3.127a","",""
"VLPIANVS","","","","","loquitur","4","4.165b","",""
"VLPIANVS","","","","","loquitur","4","4.165d","","range start"
"VLPIANVS","","","","","loquitur","4","4.169a","","range end"
"VLPIANVS","","","","","loquitur","4","4.174b","",""
"VLPIANVS","","","","","loquitur","5","5.221a","","range start"
"VLPIANVS","","","","","loquitur","5","5.221e","","range end"
"VLPIANVS","","","","","loquitur","6","6.228c","","range start"
"VLPIANVS","","","","","loquitur","6","6.228d","","range end"
"VLPIANVS","","","","","loquitur","6","6.262b","",""
"VLPIANVS","","","","","loquitur","6","6.270c","",""
"VLPIANVS","","","","","loquitur","7","7.275b","",""
"VLPIANVS","","","","","loquitur","7","7.308a","","range start"
"VLPIANVS","","","","","loquitur","7","7.308b","","range end"
"VLPIANVS","","","","","loquitur","8","8.361f","",""
"VLPIANVS","","","","","loquitur","8","8.362a","",""
"VLPIANVS","","","","","loquitur","9","9.366a","","range start"
"VLPIANVS","","","","","loquitur","9","9.366c","","range end"
"VLPIANVS","","","","","tacet ignorans","9","9.367d","",""
"VLPIANVS","","","","","loquitur","9","9.372e","","range start"
"VLPIANVS","","","","","loquitur","9","9.372f","","range end"
"VLPIANVS","","","","","loquitur","9","9.380d","","range start"
"VLPIANVS","","","","","loquitur","9","9.380f","","range end"
"VLPIANVS","","","","","loquitur","9","9.384a","",""
"VLPIANVS","","","","","loquitur","9","9.385a","","range start"
"VLPIANVS","","","","","loquitur","9","9.385b","","range end"
"VLPIANVS","","","","","loquitur","9","9.386e","",""
"VLPIANVS","","","","","loquitur","9","9.396a","",""
"VLPIANVS","","","","","loquitur","9","9.401b","",""
"VLPIANVS","","","","","loquitur","9","9.406d","",""
"VLPIANVS","","","","","loquitur","9","9.407d","",""
"VLPIANVS","","","","","loquitur","9","9.408b","",""
"VLPIANVS","","","","","loquitur","10","10.422e","","range start"
"VLPIANVS","","","","","loquitur","10","10.426a","","range end"
"VLPIANVS","","","","","loquitur","10","10.426a","","range start"
"VLPIANVS","","","","","loquitur","10","10.426b","","range end"
"VLPIANVS","","","","","loquitur","10","10.445b","","range start"
"VLPIANVS","","","","","loquitur","10","10.445c","","range end"
"VLPIANVS","","","","","loquitur","10","10.445f","",""
"VLPIANVS","","","","","loquitur","10","10.446b","","range start"
"VLPIANVS","","","","","loquitur","10","10.448b","","range end"
"VLPIANVS","","","","","loquitur","11","11.459a","","range start"
"VLPIANVS","","","","","loquitur","11","11.461e","","range end"
"VLPIANVS","","","","","defensurus Myrtilum a Cynulco repudiatur","13","13.571a","v. MAGNVS",""
"VLPIANVS","","","","","loquitur","13","13.590a","",""
"VLPIANVS","","","","","loquitur","14","14.613c","cf. adn. ad XIV.613c","range start"
"VLPIANVS","","","","","loquitur","14","14.615e","cf. adn. ad XIV.613c","range end"
"VLPIANVS","","","","","loquitur","14","14.648c","","range start"
"VLPIANVS","","","","","loquitur","14","14.648d","","range end"
"VLPIANVS","","","","","loquitur","14","14.648e","",""
"VLPIANVS","","","","","loquitur","14","14.649c","","range start"
"VLPIANVS","","","","","loquitur","14","14.649e","","range end"
"VLPIANVS","","","","","et statim pergit","14","14.649e","","range start"
"VLPIANVS","","","","","et statim pergit","14","14.653d","","range end"
"VLPIANVS","","","","","rursus incipit, ut videtur","14","14.654a","","range start"
"VLPIANVS","","","","","rursus incipit, ut videtur","14","14.658e","","range end"
"VLPIANVS","","","","","loquitur","14","14.662f","",""
"VLPIANVS","","","","","loquitur","15","15.666a","","range start"
"VLPIANVS","","","","","loquitur","15","15.669b","","range end"
"VLPIANVS","","","","","loquitur","15","15.671b","","range start"
"VLPIANVS","","","","","loquitur","15","15.671d","","range end"
"VLPIANVS","","","","","loquitur","15","15.676f","","range start"
"VLPIANVS","","","","","loquitur","15","15.679b","","range end"
"VLPIANVS","","","","","et statim pergit","15","15.686c","",""
"VLPIANVS","","","","","et statim pergit","15","15.697e","",""
"VLPIANVS","","","","","et statim pergit","15","15.698a","",""
"VLPIANVS","","","","","de lampadibus disputat inde fere a","15","15.699e","","range start"
"VLPIANVS","","","","","de lampadibus disputat inde fere a","15","15.701b","","range end"
"VARVS","","","grammaticus","","loquitur","3","3.118d","","range start"
"VARVS","","","grammaticus","","loquitur","3","3.118e","","range end"
"ZOILVS","","","grammaticus","","","1","1.1d","",""
"ZOILVS","","","","","loquitur","7","7.277c","","range start"
"ZOILVS","","","","","loquitur","7","7.277e","","range end"
"ZOILVS","","","","","loquitur","9","9.366c","","range start"
"ZOILVS","","","","","loquitur","9","9.367d","","range end"
"ANONYMI","","","τῶν γραμματικῶν τις","","loquitur","7","7.276c","","range start"
"ANONYMI","","","τῶν γραμματικῶν τις","","loquitur","7","7.276d","","range end"
"ANONYMI","","","τῶν παρόντων ἰατρῶν τις","","loquitur","15","15.665e","","range start"
"ANONYMI","","","τῶν παρόντων ἰατρῶν τις","","loquitur","15","15.666a","","range end"
"ANONYMI","","","ὁ μάγειρος, qui Σόφων nomine e comoedia petito appellatur","","","14","14.622e","",""
"ANONYMI","","","ὁ μάγειρος, qui Σόφων nomine e comoedia petito appellatur","","loquitur","9","9.376c","","range start"
"ANONYMI","","","ὁ μάγειρος, qui Σόφων nomine e comoedia petito appellatur","","loquitur","9","9.380c","","range end"
"ANONYMI","","","ὁ μάγειρος, qui Σόφων nomine e comoedia petito appellatur","","loquitur","9","9.380f","","range start"
"ANONYMI","","","ὁ μάγειρος, qui Σόφων nomine e comoedia petito appellatur","","loquitur","9","9.381e","","range end"
"ANONYMI","","","ὁ μάγειρος, qui Σόφων nomine e comoedia petito appellatur","","loquitur","9","9.382b","","range start"
"ANONYMI","","","ὁ μάγειρος, qui Σόφων nomine e comoedia petito appellatur","","loquitur","9","9.383f","","range end"
"ANONYMI","","","ὁ μάγειρος, qui Σόφων nomine e comoedia petito appellatur","","loquitur","9","9.403e","","range start"
"ANONYMI","","","ὁ μάγειρος, qui Σόφων nomine e comoedia petito appellatur","","loquitur","9","9.405d","","range end"
"ANONYMI","","","ὁ μάγειρος, qui Σόφων nomine e comoedia petito appellatur","","loquitur","9","9.405e","","range start"
"ANONYMI","","","ὁ μάγειρος, qui Σόφων nomine e comoedia petito appellatur","","loquitur","9","9.405f","","range end"
"ANONYMI","","","ὁ μάγειρος, qui Σόφων nomine e comoedia petito appellatur","","loquitur","9","9.406a","","range start"
"ANONYMI","","","ὁ μάγειρος, qui Σόφων nomine e comoedia petito appellatur","","loquitur","9","9.406b","","range end"
"ANONYMI","","","ὁ μάγειρος, qui Σόφων nomine e comoedia petito appellatur","","loquitur","14","14.622e","","range start"
"ANONYMI","","","ὁ μάγειρος, qui Σόφων nomine e comoedia petito appellatur","","loquitur","14","14.623c","","range end"
"ANONYMI","","","τῶν σοφιστῶν μαγείρων","","loquitur","14","14.658e","","range start"
"ANONYMI","","","τῶν σοφιστῶν μαγείρων","","loquitur","14","14.662e","","range end"
"ANONYMI","","","τῶν παρασίτων καὶ κολάκων τις","","loquitur","6","6.224c","",""
"ANONYMI","","","φιλόσοφοι οἱ παρόντες","","locuntur","13","13.561a","sqq.",""
"ANONYMI","","","Ἐπικούρειός τις εἰκαδιστὴς τῶν συνδειπνούντων","","loquitur","7","7.298d","","range start"
"ANONYMI","","","Ἐπικούρειός τις εἰκαδιστὴς τῶν συνδειπνούντων","","loquitur","7","7.298e","","range end"
"ANONYMI","","","τῶν κυνικῶν τις","","loquitur","7","7.307f","",""
"ANONYMI","","","stoici aderant","","","13","13.563d","",""
"ANONYMI","","","","","variorum convivarum sermones s. observationes","3","3.115b","",""
"ANONYMI","","","","","variorum convivarum sermones s. observationes","4","4.156c","",""
"ANONYMI","","","","","variorum convivarum sermones s. observationes","7","7.277c","",""
"ANONYMI","","","","","variorum convivarum sermones s. observationes","7","7.277e","τὶς, cuius sermo incertum quousque pertineat",""
"ANONYMI","","","","","variorum convivarum sermones s. observationes","8","8.354d","",""
"ANONYMI","","","","","variorum convivarum sermones s. observationes","8","8.362a","",""
"ANONYMI","","","","","variorum convivarum sermones s. observationes","9","9.384a","",""
"ANONYMI","","","","","variorum convivarum sermones s. observationes","9","9.385b","",""
"ANONYMI","","","","","variorum convivarum sermones s. observationes","9","9.396a","","range start"
"ANONYMI","","","","","variorum convivarum sermones s. observationes","9","9.396b","","range end"
"ANONYMI","","","","","variorum convivarum sermones s. observationes","9","9.396c","","range start"
"ANONYMI","","","","","variorum convivarum sermones s. observationes","9","9.396f","","range end"
"ANONYMI","","","","","variorum convivarum sermones s. observationes","9","9.398b","",""
"ANONYMI","","","","","variorum convivarum sermones s. observationes","9","9.401b","",""
"ANONYMI","","","","","variorum convivarum sermones s. observationes","9","9.406b","",""
"ANONYMI","","","","","variorum convivarum sermones s. observationes","9","9.408b","?","range start"
"ANONYMI","","","","","variorum convivarum sermones s. observationes","9","9.411a","?","range end"
"ANONYMI","","","","","variorum convivarum sermones s. observationes","10","10.426a","",""
"ANONYMI","","","","","variorum convivarum sermones s. observationes","10","10.426b","",""
"ANONYMI","","","","","variorum convivarum sermones s. observationes","10","10.426c","",""
"ANONYMI","","","","","variorum convivarum sermones s. observationes","10","10.446b","",""
"ANONYMI","","","","","variorum convivarum sermones s. observationes","14","14.613c","",""
"ANONYMI","","","","","variorum convivarum sermones s. observationes","14","14.616e","",""
"ANONYMI","","","","","variorum convivarum sermones s. observationes","14","14.616f","","range start"
"ANONYMI","","","","","variorum convivarum sermones s. observationes","14","14.617f","","range end"
"ANONYMI","","","","","aliquis cuius intercidit","14","14.620b","","range start"
"ANONYMI","","","","","aliquis cuius intercidit","14","14.622d","","range end"
"ANONYMI","","","alii","","","14","14.640a","","range start"
"ANONYMI","","","alii","","","14","14.640c","","range end"
"ANONYMI","","","alii","","","15","15.692f","",""
"ANONYMI","","","alii","","","15","15.693f","",""
"ANONYMI","","","alii","","","15","15.694c","",""
"ANONYMI","","","alii","","","15","15.699d","",""
"ANONYMI","","","alii","","","15","15.699e","",""
